{
    "slicedkex": {
        "accuracy": [
            0.9941389740355154,
            0.9940075365687253,
            0.9948474962940607,
            0.994856796759973,
            0.9948563864453004,
            0.9950093882276617,
            0.9951072254818177,
            0.9950888980931082,
            0.9949756056529508,
            0.9952868065368599,
            0.995486629782417,
            0.9958907441444107,
            0.9958863218640505,
            0.9962265639086758,
            0.9967045349117379,
            0.9968229790805623,
            0.9970555819094085,
            0.9971300312272261,
            0.9971593915215767,
            0.9974120541788611,
            0.9976329402442785,
            0.9978437052144384,
            0.997895860768378
        ],
        "precision": [
            0.2488278448894037,
            0.2507973257105058,
            0.4332717559538669,
            0.43794923347574766,
            0.4373039166076308,
            0.5255678509027374,
            0.5771822358346095,
            0.5659722222222222,
            0.502825557893,
            0.5831244180216317,
            0.6286277888626882,
            0.709908599916909,
            0.7064947331676967,
            0.7288844621513945,
            0.7931209759403592,
            0.7976863376775516,
            0.8077999300454705,
            0.8003549020850498,
            0.8109070197921117,
            0.8367418766890831,
            0.8602594775916927,
            0.8795771171236259,
            0.8896550886862776
        ],
        "recall": [
            0.08176248821866164,
            0.09620822156166171,
            0.07864496483723628,
            0.07896215471616037,
            0.07831871239034292,
            0.08178061335460016,
            0.10247045602842021,
            0.10192670195026463,
            0.1104727035452766,
            0.22133509751323135,
            0.2512596969477271,
            0.3097132603494526,
            0.3118157761183209,
            0.39791923439425797,
            0.4666406873051548,
            0.49367432755745666,
            0.5441800188501413,
            0.5722467918509389,
            0.5677245704342783,
            0.6032679620097151,
            0.6321594286957152,
            0.6620024650184876,
            0.6641049807873559
        ],
        "f1": [
            0.12308154049740114,
            0.1390684665919973,
            0.13312572388454666,
            0.13380016738457756,
            0.13284552595575913,
            0.14153739981492228,
            0.17404220604306803,
            0.1727437488480678,
            0.18114676751840816,
            0.32087606009446423,
            0.35902051175800265,
            0.4312738194391863,
            0.4326699990568707,
            0.514796229423627,
            0.5875754567343353,
            0.609895092759497,
            0.6502886104462902,
            0.6673465828925327,
            0.6678678230462107,
            0.7010779414320244,
            0.7287781434466907,
            0.7554358223927443,
            0.7605091509135347
        ]
    },
    "smartkex": {
        "accuracy": [
            0.9918137895389957,
            0.9917583112405968,
            0.9921637923333071,
            0.9924435294151241,
            0.9928147444999998,
            0.9925627465673823,
            0.9932803950707532,
            0.9933542301590637,
            0.9934927219407288,
            0.9939650013522835,
            0.9942706419043089,
            0.9948941608683006,
            0.9949170048735237,
            0.9950603917991653,
            0.9948708069522466,
            0.9953690918161759,
            0.9959927127623338,
            0.9959488604308787,
            0.9960046446757762,
            0.9960849046405557,
            0.996243894837622,
            0.9963147724431133,
            0.9964463294374786
        ],
        "precision": [
            0.5390832595217007,
            0.5311382497807166,
            0.573847220617127,
            0.611886082751209,
            0.6791351130829445,
            0.6733636744715252,
            0.7331846990155064,
            0.7352061291499453,
            0.7666366095581605,
            0.7506729475100942,
            0.7453956373338878,
            0.7640978452572655,
            0.7684171402908336,
            0.7712553956293522,
            0.7457052571100259,
            0.7825408295996531,
            0.8051509793069935,
            0.7979217392461315,
            0.8014283434407916,
            0.8083223020043591,
            0.8140132254920041,
            0.8184691149941403,
            0.8351351716132863
        ],
        "recall": [
            0.3456991728495864,
            0.37260818630409315,
            0.35255067627533815,
            0.3368715017690842,
            0.3151809909238288,
            0.26611996639331653,
            0.3463381731690866,
            0.35769817884908944,
            0.35212467606233805,
            0.4488030577348622,
            0.5090939212136273,
            0.5895724614528974,
            0.5871584602458968,
            0.6068136367401517,
            0.6143396405031536,
            0.6407043203521602,
            0.7058350195841765,
            0.7096571881619275,
            0.7130888565444282,
            0.7153490243411789,
            0.7312411989539328,
            0.7355248677624339,
            0.7321996994331831
        ],
        "f1": [
            0.42125754331321785,
            0.4379689966687762,
            0.4367674546454096,
            0.43451981195433176,
            0.4305481467112814,
            0.38147661252703446,
            0.47044829858711207,
            0.48125328366050535,
            0.482590292080894,
            0.5617524864660708,
            0.6049893126335921,
            0.6655845890776958,
            0.6656694392272605,
            0.6792232906831968,
            0.6736782004450874,
            0.7045550661366193,
            0.7522290182230911,
            0.7512056417772099,
            0.7546822459752409,
            0.7589990834557485,
            0.7704103577461803,
            0.774783421626675,
            0.7802872671786529
        ]
    },
    "metakex": {
        "accuracy": [
            0.9917568834902702,
            0.9916885554389333,
            0.9919657429665959,
            0.9927049097070297,
            0.9929045907883997,
            0.9928327953434127,
            0.9933438279781138,
            0.9933212899193892,
            0.9934512151990957,
            0.9939091151252198,
            0.9943532474589104,
            0.9949596334189847,
            0.9949513728635246,
            0.9949908399618342,
            0.9950057293580957,
            0.9954646491058815,
            0.9960321798606434,
            0.9960348313969639,
            0.9960837828367278,
            0.9961538445848898,
            0.9964205279494365,
            0.9965511671043061,
            0.9966012403478979
        ],
        "precision": [
            0.5307432545387676,
            0.5249411296474412,
            0.5470919139417066,
            0.6468976449275362,
            0.6795661166963298,
            0.6874571805006587,
            0.7289430468619844,
            0.7140606006033047,
            0.7452146171693735,
            0.7356689109513485,
            0.7457947394172529,
            0.7656555254350229,
            0.7674031292018091,
            0.7565424151479564,
            0.7545742409697248,
            0.7883825796320574,
            0.8044953123747963,
            0.8012094325173625,
            0.8064254572522331,
            0.8084615486031457,
            0.8249158249158249,
            0.8352668827303393,
            0.8416646639429625
        ],